time_ms, raw_ax, raw_ay, raw_az, filt_ax, filt_ay, filt_az
1154, 0.02, -0.01, -1.06, 0.00, -0.00, -0.21
1207, 0.02, -0.01, -1.06, 0.01, -0.00, -0.38
1253, 0.02, -0.00, -1.06, 0.01, -0.00, -0.52
1299, 0.02, -0.01, -1.06, 0.01, -0.00, -0.63
1345, 0.02, -0.01, -1.06, 0.02, -0.00, -0.71
1391, 0.02, -0.00, -1.07, 0.02, -0.00, -0.78
1437, 0.02, -0.01, -1.07, 0.02, -0.01, -0.84
1483, 0.02, -0.01, -1.06, 0.02, -0.01, -0.89
1529, 0.02, -0.00, -1.06, 0.02, -0.01, -0.92
1575, 0.02, -0.01, -1.06, 0.02, -0.01, -0.95
1626, 0.03, -0.01, -1.06, 0.02, -0.01, -0.97
1672, 0.02, -0.01, -1.06, 0.02, -0.01, -0.99
1718, 0.02, -0.00, -1.06, 0.02, -0.01, -1.00
1764, 0.02, -0.01, -1.06, 0.02, -0.01, -1.01
1810, 0.02, -0.01, -1.05, 0.02, -0.01, -1.02
1860, 0.02, -0.01, -1.06, 0.02, -0.01, -1.03
1906, 0.02, -0.01, -1.06, 0.02, -0.01, -1.04
1952, 0.02, -0.01, -1.05, 0.02, -0.01, -1.04
1998, 0.02, -0.01, -1.06, 0.02, -0.01, -1.04
2044, 0.02, -0.01, -1.06, 0.02, -0.01, -1.05
2090, 0.02, -0.01, -1.06, 0.02, -0.01, -1.05
2141, 0.02, -0.01, -1.07, 0.02, -0.01, -1.05
2187, 0.02, -0.01, -1.07, 0.02, -0.01, -1.06
2233, 0.02, -0.01, -1.06, 0.02, -0.01, -1.06
2279, 0.02, -0.01, -1.06, 0.02, -0.01, -1.06
2325, 0.03, -0.01, -1.05, 0.02, -0.01, -1.06
2371, 0.02, -0.01, -1.06, 0.02, -0.01, -1.06
2417, 0.02, -0.01, -1.06, 0.02, -0.01, -1.06
2463, 0.02, -0.01, -1.06, 0.02, -0.01, -1.06
2509, 0.03, -0.01, -1.06, 0.02, -0.01, -1.06
2555, 0.03, -0.01, -1.06, 0.02, -0.01, -1.06
2601, 0.02, -0.00, -1.06, 0.02, -0.01, -1.06
2647, 0.02, -0.01, -1.06, 0.02, -0.01, -1.06
2698, 0.02, -0.00, -1.07, 0.02, -0.01, -1.06
2744, 0.02, -0.01, -1.06, 0.02, -0.01, -1.06
2790, 0.02, -0.01, -1.06, 0.02, -0.01, -1.06
2836, 0.02, -0.01, -1.07, 0.02, -0.01, -1.06
2882, 0.02, -0.00, -1.06, 0.02, -0.01, -1.06
2928, 0.02, -0.00, -1.06, 0.02, -0.01, -1.06
2974, 0.02, -0.00, -1.06, 0.02, -0.01, -1.06
3020, 0.02, -0.01, -1.05, 0.02, -0.01, -1.06
3066, 0.02, -0.00, -1.06, 0.02, -0.01, -1.06
3112, 0.02, -0.01, -1.06, 0.02, -0.01, -1.06
3160, 0.02, -0.01, -1.06, 0.02, -0.01, -1.06
3211, 0.02, -0.01, -1.06, 0.02, -0.01, -1.06
3257, 0.02, -0.01, -1.06, 0.02, -0.01, -1.06
3303, 0.02, -0.01, -1.06, 0.02, -0.01, -1.06
3349, 0.02, -0.00, -1.05, 0.02, -0.01, -1.06
3395, 0.03, -0.01, -1.06, 0.02, -0.01, -1.06
3441, 0.02, -0.01, -1.06, 0.02, -0.01, -1.06
3487, 0.02, -0.01, -1.06, 0.02, -0.01, -1.06
3533, 0.03, -0.01, -1.06, 0.02, -0.01, -1.06
3579, 0.02, -0.01, -1.06, 0.02, -0.01, -1.06
3625, 0.02, -0.01, -1.06, 0.02, -0.01, -1.06
3671, 0.02, -0.01, -1.06, 0.02, -0.01, -1.06
3722, 0.02, -0.00, -1.06, 0.02, -0.01, -1.06
3768, 0.03, -0.01, -1.07, 0.02, -0.01, -1.06
3814, 0.03, -0.01, -1.07, 0.02, -0.01, -1.06
3860, 0.02, -0.01, -1.06, 0.02, -0.01, -1.06
3906, 0.02, -0.01, -1.06, 0.02, -0.01, -1.06
3952, 0.02, -0.01, -1.06, 0.02, -0.01, -1.06
3998, 0.02, -0.01, -1.06, 0.02, -0.01, -1.06
4044, 0.02, -0.01, -1.06, 0.02, -0.01, -1.06
4090, 0.02, -0.01, -1.06, 0.02, -0.01, -1.06
4136, 0.02, -0.00, -1.07, 0.02, -0.01, -1.06
4182, 0.02, -0.01, -1.06, 0.02, -0.01, -1.06
4233, 0.02, -0.01, -1.06, 0.02, -0.01, -1.06
4279, 0.02, -0.01, -1.06, 0.02, -0.01, -1.06
4325, 0.02, -0.00, -1.06, 0.02, -0.01, -1.06
4371, 0.02, -0.01, -1.06, 0.02, -0.01, -1.06
4419, 0.02, -0.01, -1.06, 0.02, -0.01, -1.06
4465, 0.02, -0.01, -1.06, 0.02, -0.01, -1.06
4511, 0.02, -0.01, -1.06, 0.02, -0.01, -1.06
4557, 0.03, -0.01, -1.06, 0.02, -0.01, -1.06
4603, 0.02, -0.01, -1.06, 0.02, -0.01, -1.06
4649, 0.02, -0.01, -1.05, 0.02, -0.01, -1.06
4695, 0.02, -0.01, -1.06, 0.02, -0.01, -1.06
4746, 0.02, -0.01, -1.07, 0.02, -0.01, -1.06
4792, 0.02, -0.00, -1.06, 0.02, -0.01, -1.06
4838, 0.02, -0.01, -1.07, 0.02, -0.01, -1.06
4884, 0.02, -0.01, -1.06, 0.02, -0.01, -1.06
4930, 0.02, -0.01, -1.06, 0.02, -0.01, -1.06
4976, 0.02, -0.01, -1.06, 0.02, -0.01, -1.06
5022, 0.02, -0.01, -1.06, 0.02, -0.01, -1.06
5068, 0.02, -0.01, -1.07, 0.02, -0.01, -1.06
5114, 0.02, -0.01, -1.05, 0.02, -0.01, -1.06
5160, 0.02, -0.01, -1.06, 0.02, -0.01, -1.06
5206, 0.02, -0.01, -1.06, 0.02, -0.01, -1.06
5257, 0.02, -0.01, -1.07, 0.02, -0.01, -1.06
5303, 0.02, 0.00, -1.06, 0.02, -0.01, -1.06
5349, 0.02, -0.01, -1.06, 0.02, -0.01, -1.06
5395, 0.02, -0.01, -1.06, 0.02, -0.01, -1.06
5441, 0.02, -0.01, -1.06, 0.02, -0.01, -1.06
5487, 0.02, -0.00, -1.06, 0.02, -0.01, -1.06
5533, 0.02, -0.01, -1.06, 0.02, -0.01, -1.06
5579, 0.02, -0.00, -1.06, 0.02, -0.01, -1.06
5625, 0.02, -0.00, -1.06, 0.02, -0.01, -1.06
5671, 0.02, -0.01, -1.06, 0.02, -0.01, -1.06
5719, 0.02, -0.01, -1.06, 0.02, -0.01, -1.06
5770, 0.02, -0.00, -1.07, 0.02, -0.01, -1.06
5816, 0.02, -0.01, -1.06, 0.02, -0.01, -1.06
5862, 0.02, -0.00, -1.06, 0.02, -0.01, -1.06
5908, 0.02, -0.01, -1.06, 0.02, -0.01, -1.06
5954, 0.02, -0.01, -1.06, 0.02, -0.01, -1.06
6000, 0.02, -0.01, -1.06, 0.02, -0.01, -1.06
6046, 0.02, -0.01, -1.06, 0.02, -0.01, -1.06
6092, 0.02, -0.01, -1.06, 0.02, -0.01, -1.06
6138, 0.02, -0.01, -1.06, 0.02, -0.01, -1.06
6184, 0.02, -0.01, -1.06, 0.02, -0.01, -1.06
6230, 0.02, -0.01, -1.06, 0.02, -0.01, -1.06
6276, 0.02, -0.01, -1.06, 0.02, -0.01, -1.06
6327, 0.02, -0.01, -1.06, 0.02, -0.01, -1.06
6373, 0.02, -0.01, -1.06, 0.02, -0.01, -1.06
6419, 0.02, -0.01, -1.06, 0.02, -0.01, -1.06
6465, 0.02, -0.01, -1.06, 0.02, -0.01, -1.06
6511, 0.02, -0.01, -1.07, 0.02, -0.01, -1.06
6557, 0.02, -0.01, -1.06, 0.02, -0.01, -1.06
6603, 0.02, -0.01, -1.05, 0.02, -0.01, -1.06
6649, 0.02, -0.01, -1.05, 0.02, -0.01, -1.06
6695, 0.02, -0.01, -1.06, 0.02, -0.01, -1.06
6741, 0.02, -0.01, -1.06, 0.02, -0.01, -1.06
6787, 0.02, -0.01, -1.06, 0.02, -0.01, -1.06
6838, 0.02, -0.01, -1.06, 0.02, -0.01, -1.06
6884, 0.02, -0.01, -1.07, 0.02, -0.01, -1.06
6930, 0.02, -0.01, -1.06, 0.02, -0.01, -1.06
6978, 0.02, -0.00, -1.06, 0.02, -0.01, -1.06
7024, 0.02, -0.01, -1.06, 0.02, -0.01, -1.06
7070, 0.02, -0.01, -1.06, 0.02, -0.01, -1.06
7116, 0.02, -0.00, -1.06, 0.02, -0.01, -1.06
7162, 0.02, -0.01, -1.06, 0.02, -0.01, -1.06
7208, 0.02, -0.01, -1.07, 0.02, -0.01, -1.06
7254, 0.02, -0.01, -1.06, 0.02, -0.01, -1.06
7300, 0.02, -0.00, -1.06, 0.02, -0.01, -1.06
7351, 0.02, -0.01, -1.06, 0.02, -0.01, -1.06
7397, 0.02, -0.01, -1.06, 0.02, -0.01, -1.06
7443, 0.02, -0.01, -1.06, 0.02, -0.01, -1.06
7489, 0.02, -0.00, -1.06, 0.02, -0.01, -1.06
7535, 0.02, -0.01, -1.07, 0.02, -0.01, -1.06
7581, 0.02, -0.01, -1.06, 0.02, -0.01, -1.06
7627, 0.02, -0.01, -1.06, 0.02, -0.01, -1.06
7673, 0.02, -0.01, -1.05, 0.02, -0.01, -1.06
7719, 0.02, -0.00, -1.07, 0.02, -0.01, -1.06
7765, 0.02, -0.01, -1.05, 0.02, -0.01, -1.06
7811, 0.02, -0.01, -1.06, 0.02, -0.01, -1.06
7862, 0.02, -0.01, -1.07, 0.02, -0.01, -1.06
7908, 0.02, -0.01, -1.06, 0.02, -0.01, -1.06
7954, 0.02, -0.01, -1.07, 0.02, -0.01, -1.06
8000, 0.02, -0.01, -1.06, 0.02, -0.01, -1.06
8046, 0.02, -0.01, -1.06, 0.02, -0.01, -1.06
8092, 0.02, -0.01, -1.05, 0.02, -0.01, -1.06
8138, 0.02, -0.01, -1.06, 0.02, -0.01, -1.06
8184, 0.02, -0.01, -1.05, 0.02, -0.01, -1.06
8232, 0.02, -0.01, -1.06, 0.02, -0.01, -1.06
8278, 0.02, -0.01, -1.06, 0.02, -0.01, -1.06
8324, 0.02, -0.01, -1.06, 0.02, -0.01, -1.06
8376, 0.02, -0.00, -1.06, 0.02, -0.01, -1.06
8423, 0.02, -0.01, -1.07, 0.02, -0.01, -1.06
8470, 0.02, -0.01, -1.06, 0.02, -0.01, -1.06
8516, 0.02, -0.01, -1.06, 0.02, -0.01, -1.06
8563, 0.02, -0.01, -1.06, 0.02, -0.01, -1.06
8610, 0.02, -0.01, -1.06, 0.02, -0.01, -1.06
8657, 0.02, -0.00, -1.06, 0.02, -0.01, -1.06
8704, 0.02, -0.01, -1.06, 0.02, -0.01, -1.06
8751, 0.02, -0.01, -1.06, 0.02, -0.01, -1.06
8798, 0.02, -0.01, -1.06, 0.02, -0.01, -1.06
8845, 0.02, -0.01, -1.06, 0.02, -0.01, -1.06
8897, 0.02, -0.01, -1.06, 0.02, -0.01, -1.06
8944, 0.02, -0.01, -1.05, 0.02, -0.01, -1.06
8991, 0.02, -0.01, -1.06, 0.02, -0.01, -1.06
9038, 0.02, -0.01, -1.06, 0.02, -0.01, -1.06
9085, 0.02, -0.01, -1.06, 0.02, -0.01, -1.06
9132, 0.02, -0.00, -1.06, 0.02, -0.01, -1.06
9179, 0.02, -0.01, -1.06, 0.02, -0.01, -1.06
9226, 0.02, -0.01, -1.06, 0.02, -0.01, -1.06
9273, 0.02, -0.01, -1.05, 0.02, -0.01, -1.06
9320, 0.02, -0.01, -1.06, 0.02, -0.01, -1.06
9367, 0.03, -0.01, -1.06, 0.02, -0.01, -1.06
9419, 0.02, -0.01, -1.06, 0.02, -0.01, -1.06
9466, 0.02, -0.00, -1.06, 0.02, -0.01, -1.06
9513, 0.03, -0.01, -1.06, 0.02, -0.01, -1.06
9562, 0.02, -0.01, -1.06, 0.02, -0.01, -1.06
9609, 0.02, -0.00, -1.06, 0.02, -0.01, -1.06
9656, 0.02, -0.01, -1.06, 0.02, -0.01, -1.06
9703, 0.02, -0.01, -1.06, 0.02, -0.01, -1.06
9750, 0.03, -0.01, -1.06, 0.02, -0.01, -1.06
9797, 0.02, -0.01, -1.06, 0.02, -0.01, -1.06
9844, 0.02, -0.01, -1.06, 0.02, -0.01, -1.06
9891, 0.02, -0.01, -1.05, 0.02, -0.01, -1.06
9943, 0.03, -0.01, -1.07, 0.02, -0.01, -1.06
9990, 0.02, -0.00, -1.06, 0.02, -0.01, -1.06
10037, 0.02, -0.01, -1.06, 0.02, -0.01, -1.06
10084, 0.02, -0.00, -1.06, 0.02, -0.01, -1.06
10131, 0.02, -0.01, -1.07, 0.02, -0.01, -1.06
10178, 0.02, -0.01, -1.06, 0.02, -0.01, -1.06
10225, 0.02, -0.01, -1.06, 0.02, -0.01, -1.06
10272, 0.02, -0.00, -1.05, 0.02, -0.01, -1.06
10319, 0.02, -0.01, -1.05, 0.02, -0.01, -1.06
10366, 0.02, -0.01, -1.06, 0.02, -0.01, -1.06
10413, 0.02, -0.00, -1.06, 0.02, -0.01, -1.06
10465, 0.02, -0.01, -1.06, 0.02, -0.01, -1.06
10512, 0.02, -0.01, -1.06, 0.02, -0.01, -1.06
10559, 0.02, -0.00, -1.07, 0.02, -0.01, -1.06
10606, 0.02, -0.00, -1.06, 0.02, -0.01, -1.06
10653, 0.02, -0.01, -1.06, 0.02, -0.01, -1.06
10700, 0.02, -0.01, -1.06, 0.02, -0.01, -1.06
10747, 0.02, -0.01, -1.06, 0.02, -0.01, -1.06
10794, 0.02, -0.01, -1.05, 0.02, -0.01, -1.06
10843, 0.02, -0.01, -1.06, 0.02, -0.01, -1.06
10890, 0.03, -0.01, -1.06, 0.02, -0.01, -1.06
10937, 0.02, -0.00, -1.06, 0.02, -0.01, -1.06
10989, 0.02, -0.01, -1.06, 0.02, -0.01, -1.06
11036, 0.02, -0.01, -1.07, 0.02, -0.01, -1.06
11083, 0.02, -0.01, -1.06, 0.02, -0.01, -1.06
11130, 0.02, -0.01, -1.06, 0.02, -0.01, -1.06
11177, 0.02, -0.01, -1.06, 0.02, -0.01, -1.06
11224, 0.02, -0.00, -1.06, 0.02, -0.01, -1.06
11271, 0.02, -0.01, -1.06, 0.02, -0.01, -1.06
11318, 0.02, -0.01, -1.06, 0.02, -0.01, -1.06
11365, 0.02, -0.01, -1.05, 0.02, -0.01, -1.06
11412, 0.02, -0.01, -1.06, 0.02, -0.01, -1.06
11459, 0.02, -0.01, -1.06, 0.02, -0.01, -1.06
11511, 0.02, -0.01, -1.06, 0.02, -0.01, -1.06
11558, 0.02, -0.00, -1.06, 0.02, -0.01, -1.06
11605, 0.02, -0.01, -1.06, 0.02, -0.01, -1.06
11652, 0.02, -0.01, -1.06, 0.02, -0.01, -1.06
11699, 0.02, -0.01, -1.06, 0.02, -0.01, -1.06
11746, 0.02, -0.01, -1.06, 0.02, -0.01, -1.06
11793, 0.02, -0.01, -1.06, 0.02, -0.01, -1.06
11840, 0.02, -0.01, -1.06, 0.02, -0.01, -1.06
11887, 0.02, -0.00, -1.06, 0.02, -0.01, -1.06
11934, 0.03, -0.01, -1.06, 0.02, -0.01, -1.06
11981, 0.02, -0.01, -1.06, 0.02, -0.01, -1.06
12033, 0.02, -0.01, -1.07, 0.02, -0.01, -1.06
12080, 0.02, -0.00, -1.06, 0.02, -0.01, -1.06
12129, 0.02, -0.00, -1.06, 0.02, -0.01, -1.06
12176, 0.02, -0.00, -1.06, 0.02, -0.01, -1.06
12223, 0.02, -0.01, -1.06, 0.02, -0.01, -1.06
12270, 0.02, -0.01, -1.06, 0.02, -0.01, -1.06
12317, 0.02, -0.01, -1.06, 0.02, -0.01, -1.06
12364, 0.02, -0.01, -1.06, 0.02, -0.01, -1.06
12411, 0.02, -0.01, -1.07, 0.02, -0.01, -1.06
12458, 0.02, -0.00, -1.05, 0.02, -0.01, -1.06
12505, 0.02, -0.01, -1.05, 0.02, -0.01, -1.06
12557, 0.02, -0.00, -1.06, 0.02, -0.01, -1.06
12604, 0.02, -0.00, -1.06, 0.02, -0.01, -1.06
12651, 0.01, -0.01, -1.05, 0.02, -0.01, -1.06
12698, 0.02, -0.01, -1.06, 0.02, -0.01, -1.06
12745, 0.02, -0.00, -1.04, 0.02, -0.01, -1.05
12792, 0.03, -0.01, -1.06, 0.02, -0.01, -1.06
12839, 0.02, -0.01, -1.06, 0.02, -0.01, -1.06
12886, 0.02, -0.00, -1.06, 0.02, -0.01, -1.06
12933, 0.02, -0.01, -1.05, 0.02, -0.01, -1.06
12980, 0.02, -0.00, -1.06, 0.02, -0.01, -1.06
13027, 0.02, -0.00, -1.06, 0.02, -0.01, -1.06
13079, 0.02, -0.01, -1.06, 0.02, -0.01, -1.06
13126, 0.02, -0.01, -1.05, 0.02, -0.01, -1.06
13173, 0.02, -0.00, -1.06, 0.02, -0.01, -1.06
13220, 0.02, -0.01, -1.06, 0.02, -0.01, -1.06
13267, 0.02, -0.01, -1.06, 0.02, -0.01, -1.06
13314, 0.02, -0.01, -1.06, 0.02, -0.01, -1.06
13361, 0.02, -0.01, -1.06, 0.02, -0.01, -1.06
13408, 0.02, -0.01, -1.07, 0.02, -0.01, -1.06
13457, 0.02, -0.01, -1.07, 0.02, -0.01, -1.06
13504, 0.03, -0.03, -1.07, 0.02, -0.01, -1.06
13551, 0.02, -0.00, -1.06, 0.02, -0.01, -1.06
13603, 0.09, -0.06, -1.05, 0.04, -0.02, -1.06
13650, -0.07, 0.11, -1.04, 0.02, 0.01, -1.06
13697, -0.02, -0.04, -1.16, 0.01, -0.00, -1.08
13744, 0.07, 0.04, -1.20, 0.02, 0.01, -1.10
13791, 0.14, 0.07, -1.36, 0.05, 0.02, -1.15
13838, 0.13, 0.03, -1.35, 0.06, 0.02, -1.19
13885, 0.10, 0.02, -1.37, 0.07, 0.02, -1.23
13932, 0.01, -0.00, -1.30, 0.06, 0.02, -1.24
13979, 0.02, -0.01, -1.21, 0.05, 0.01, -1.24
14026, -0.02, 0.04, -1.04, 0.04, 0.02, -1.20
14073, 0.00, -0.03, -0.81, 0.03, 0.01, -1.12
14125, -0.10, -0.03, -0.41, 0.01, -0.00, -0.98
14172, -0.08, -0.05, -0.33, -0.01, -0.01, -0.85
14219, -0.06, -0.02, -0.25, -0.02, -0.01, -0.73
14266, -0.04, 0.04, -0.66, -0.02, -0.00, -0.71
14313, -0.01, 0.02, -0.86, -0.02, 0.00, -0.74
14360, -0.06, 0.05, -1.22, -0.03, 0.01, -0.84
14407, -0.21, -0.22, -1.49, -0.07, -0.03, -0.97
14454, -0.04, 0.00, -1.55, -0.06, -0.03, -1.09
14501, 0.07, -0.07, -1.89, -0.03, -0.04, -1.25
14548, 0.17, -0.07, -2.11, 0.01, -0.04, -1.42
14595, 0.11, -0.04, -1.82, 0.03, -0.04, -1.50
14647, 0.05, 0.00, -1.23, 0.03, -0.03, -1.45
14694, 0.05, 0.04, -0.72, 0.03, -0.02, -1.30
14743, -0.07, -0.02, -0.35, 0.01, -0.02, -1.11
14790, -0.20, -0.00, -0.24, -0.03, -0.01, -0.94
14837, -0.18, 0.03, -0.08, -0.06, -0.01, -0.76
14884, -0.20, 0.01, -0.10, -0.09, -0.00, -0.63
14931, -0.02, 0.05, -0.63, -0.07, 0.01, -0.63
14978, 0.12, 0.03, -1.07, -0.03, 0.01, -0.72
15025, 0.10, 0.03, -1.35, -0.01, 0.02, -0.84
15072, -0.04, -0.02, -1.42, -0.01, 0.01, -0.96
15124, -0.03, 0.03, -1.61, -0.02, 0.01, -1.09
15171, 0.04, 0.01, -1.94, -0.01, 0.01, -1.26
15218, 0.12, 0.01, -1.89, 0.02, 0.01, -1.39
15265, 0.16, -0.02, -1.72, 0.05, 0.01, -1.45
15312, 0.10, -0.04, -1.44, 0.06, -0.00, -1.45
15359, -0.02, -0.11, -0.87, 0.04, -0.02, -1.34
15406, -0.06, -0.03, -0.59, 0.02, -0.03, -1.19
15453, -0.15, -0.03, -0.24, -0.01, -0.03, -1.00
15500, -0.15, 0.02, -0.16, -0.04, -0.02, -0.83
15547, -0.17, -0.02, -0.09, -0.06, -0.02, -0.68
15594, -0.14, 0.04, -0.40, -0.08, -0.01, -0.62
15646, 0.07, 0.05, -1.01, -0.05, 0.01, -0.70
15693, 0.09, 0.02, -1.39, -0.02, 0.01, -0.84
15740, 0.05, -0.12, -1.46, -0.01, -0.02, -0.96
15787, 0.01, -0.04, -1.55, -0.01, -0.02, -1.08
15834, -0.09, -0.05, -1.39, -0.02, -0.03, -1.14
15881, -0.06, -0.10, -1.58, -0.03, -0.04, -1.23
15928, 0.02, -0.06, -1.73, -0.02, -0.05, -1.33
15975, 0.08, -0.10, -1.83, -0.00, -0.06, -1.43
16022, 0.10, -0.12, -1.38, 0.02, -0.07, -1.42
16071, -0.09, -0.11, -0.70, -0.00, -0.08, -1.28
16118, -0.12, -0.02, -0.63, -0.03, -0.07, -1.15
16170, -0.17, 0.02, -0.29, -0.06, -0.05, -0.98
16217, -0.13, 0.03, -0.28, -0.07, -0.03, -0.84
16264, -0.07, 0.04, -0.33, -0.07, -0.02, -0.74
16311, -0.09, 0.03, -0.62, -0.07, -0.01, -0.71
16358, 0.03, 0.01, -0.90, -0.05, -0.01, -0.75
16405, 0.08, 0.00, -1.15, -0.03, -0.00, -0.83
16452, 0.03, -0.03, -1.41, -0.02, -0.01, -0.95
16499, 0.10, 0.00, -1.55, 0.01, -0.01, -1.07
16546, 0.13, -0.08, -1.84, 0.03, -0.02, -1.22
16593, 0.18, -0.04, -1.70, 0.06, -0.03, -1.32
16640, 0.10, -0.06, -1.56, 0.07, -0.03, -1.37
16692, 0.09, -0.11, -1.54, 0.07, -0.05, -1.40
16739, 0.12, -0.11, -1.32, 0.08, -0.06, -1.39
16786, 0.04, -0.04, -0.85, 0.07, -0.06, -1.28
16833, -0.06, 0.04, -0.53, 0.05, -0.04, -1.13
16880, -0.19, 0.06, -0.31, -0.00, -0.02, -0.96
16927, -0.18, 0.05, -0.28, -0.04, -0.00, -0.83
16974, -0.12, 0.04, -0.26, -0.05, 0.01, -0.72
17021, -0.09, 0.02, -0.47, -0.06, 0.01, -0.67
17068, 0.09, 0.00, -1.04, -0.03, 0.01, -0.74
17115, 0.21, -0.15, -1.31, 0.02, -0.02, -0.85
17162, 0.19, -0.18, -1.42, 0.05, -0.06, -0.97
17214, 0.10, -0.08, -1.46, 0.06, -0.06, -1.07
17261, 0.06, -0.06, -1.43, 0.06, -0.06, -1.14
17308, 0.10, -0.03, -1.32, 0.07, -0.05, -1.18
17356, 0.09, -0.04, -1.11, 0.07, -0.05, -1.16
17403, 0.05, -0.05, -1.03, 0.07, -0.05, -1.14
17450, 0.03, -0.03, -1.02, 0.06, -0.05, -1.11
17497, 0.01, -0.05, -1.01, 0.05, -0.05, -1.09
17544, -0.07, -0.06, -1.07, 0.03, -0.05, -1.09
17591, -0.14, -0.02, -1.09, -0.01, -0.04, -1.09
17638, -0.22, -0.02, -1.10, -0.05, -0.04, -1.09
17690, -0.15, 0.05, -1.09, -0.07, -0.02, -1.09
17737, 0.06, 0.03, -1.15, -0.04, -0.01, -1.10
17784, 0.06, 0.07, -1.04, -0.02, 0.00, -1.09
17831, 0.24, 0.06, -0.93, 0.03, 0.02, -1.06
17878, 0.44, 0.07, -0.99, 0.11, 0.03, -1.05
17925, 0.56, 0.01, -1.03, 0.20, 0.02, -1.04
17972, 0.50, 0.10, -0.97, 0.26, 0.04, -1.03
18019, 0.31, 0.05, -1.00, 0.27, 0.04, -1.02
18066, 0.21, 0.00, -1.02, 0.26, 0.03, -1.02
18113, 0.13, -0.05, -1.08, 0.23, 0.02, -1.04
18159, -0.08, 0.01, -1.04, 0.17, 0.02, -1.04
18206, -0.08, -0.07, -1.01, 0.12, -0.00, -1.03
18258, -0.11, -0.02, -0.89, 0.07, -0.01, -1.00
18305, -0.35, -0.05, -1.17, -0.01, -0.01, -1.04
18352, -0.36, -0.02, -1.32, -0.08, -0.02, -1.09
18399, -0.41, 0.06, -1.27, -0.15, -0.00, -1.13
18446, -0.28, 0.13, -1.04, -0.17, 0.03, -1.11
18493, -0.20, 0.04, -1.04, -0.18, 0.03, -1.10
18540, -0.03, 0.09, -1.10, -0.15, 0.04, -1.10
18587, 0.07, 0.05, -0.97, -0.10, 0.04, -1.07
18634, 0.07, 0.07, -0.99, -0.07, 0.05, -1.06
18683, 0.38, 0.11, -1.06, 0.02, 0.06, -1.06
18735, 0.59, 0.14, -1.00, 0.13, 0.08, -1.04
18782, 0.60, 0.14, -1.04, 0.23, 0.09, -1.04
18829, 0.44, 0.06, -1.01, 0.27, 0.08, -1.04
18876, 0.25, 0.02, -1.06, 0.27, 0.07, -1.04
18923, 0.06, -0.03, -1.03, 0.23, 0.05, -1.04
18970, -0.05, 0.05, -0.95, 0.17, 0.05, -1.02
19017, -0.19, 0.06, -0.91, 0.10, 0.05, -1.00
19064, -0.24, -0.09, -1.06, 0.03, 0.02, -1.01
19111, -0.38, -0.04, -1.13, -0.05, 0.01, -1.04
19158, -0.42, -0.02, -1.17, -0.12, 0.01, -1.06
19205, -0.49, 0.03, -1.23, -0.20, 0.01, -1.10
19257, -0.33, -0.01, -1.08, -0.23, 0.00, -1.09
19304, -0.15, 0.01, -1.10, -0.21, 0.01, -1.09
19351, -0.05, -0.03, -1.15, -0.18, -0.00, -1.11
19398, 0.07, 0.14, -0.87, -0.13, 0.03, -1.06
19445, 0.04, 0.04, -0.88, -0.10, 0.03, -1.02
19492, 0.33, 0.11, -0.97, -0.01, 0.04, -1.01
19539, 0.39, 0.08, -1.06, 0.07, 0.05, -1.02
19586, 0.54, 0.09, -1.23, 0.16, 0.06, -1.06
19633, 0.46, 0.07, -1.12, 0.22, 0.06, -1.07
19680, 0.30, 0.04, -1.05, 0.24, 0.06, -1.07
19727, 0.15, 0.01, -1.03, 0.22, 0.05, -1.06
19774, -0.09, -0.01, -1.02, 0.16, 0.04, -1.05
19826, -0.15, -0.02, -0.98, 0.10, 0.02, -1.04
19873, -0.21, -0.04, -1.03, 0.04, 0.01, -1.04
19920, -0.49, 0.02, -1.03, -0.07, 0.01, -1.04
19968, -0.48, 0.02, -1.03, -0.15, 0.01, -1.03
20015, -0.61, 0.02, -1.21, -0.24, 0.02, -1.07
20062, -0.54, -0.01, -1.15, -0.30, 0.01, -1.09
20109, -0.37, 0.02, -1.05, -0.32, 0.01, -1.08
20156, -0.13, 0.01, -1.07, -0.28, 0.01, -1.08
20203, -0.05, 0.08, -0.92, -0.23, 0.02, -1.05
20250, 0.09, 0.08, -0.99, -0.17, 0.04, -1.03
20302, 0.14, 0.11, -0.89, -0.11, 0.05, -1.00
20349, 0.51, 0.11, -1.07, 0.02, 0.06, -1.02
20396, 0.62, 0.09, -1.26, 0.14, 0.07, -1.07
20443, 0.46, 0.13, -1.09, 0.20, 0.08, -1.07
20490, 0.32, -0.00, -1.05, 0.23, 0.06, -1.07
20537, 0.07, 0.01, -0.93, 0.19, 0.05, -1.04
20584, -0.08, -0.00, -0.89, 0.14, 0.04, -1.01
20631, -0.13, -0.04, -1.14, 0.09, 0.03, -1.03
20678, -0.22, -0.08, -1.03, 0.02, 0.01, -1.03
20725, -0.53, -0.03, -1.11, -0.09, -0.00, -1.05
20772, -0.51, -0.08, -1.13, -0.17, -0.02, -1.06
20819, -0.57, -0.08, -1.20, -0.25, -0.03, -1.09
20857, -0.55, -0.08, -1.15, -0.31, -0.04, -1.10
20904, -0.53, -0.04, -1.10, -0.36, -0.04, -1.10
20951, -0.24, -0.01, -1.03, -0.33, -0.03, -1.09
20998, -0.03, -0.01, -1.09, -0.27, -0.03, -1.09
21045, 0.04, 0.08, -0.95, -0.21, -0.01, -1.06
21092, 0.27, 0.03, -0.89, -0.11, 0.00, -1.03
21139, 0.48, 0.09, -1.13, 0.01, 0.02, -1.05
21186, 0.62, 0.05, -1.21, 0.13, 0.02, -1.08
21233, 0.43, 0.02, -1.13, 0.19, 0.02, -1.09
21282, 0.25, 0.01, -1.02, 0.20, 0.02, -1.08
21334, 0.03, -0.03, -0.92, 0.17, 0.01, -1.04
21381, -0.21, 0.12, -0.97, 0.09, 0.03, -1.03
21428, -0.51, -0.10, -1.08, -0.03, 0.01, -1.04
21475, -0.55, -0.02, -1.10, -0.13, 0.00, -1.05
21522, -0.46, -0.00, -1.18, -0.20, 0.00, -1.08
21569, -0.36, -0.01, -1.07, -0.23, -0.00, -1.08
21616, -0.23, 0.01, -1.09, -0.23, 0.00, -1.08
21663, -0.06, 0.02, -1.01, -0.20, 0.00, -1.06
21710, 0.06, 0.05, -0.99, -0.14, 0.01, -1.05
21757, 0.08, 0.04, -1.12, -0.10, 0.02, -1.06
21804, -0.00, 0.06, -1.03, -0.08, 0.03, -1.06
21856, -0.10, 0.01, -1.09, -0.08, 0.03, -1.06
21903, -0.10, 0.01, -1.03, -0.09, 0.02, -1.06
21950, -0.08, -0.08, -1.04, -0.08, 0.00, -1.05
21997, -0.12, -0.36, -1.15, -0.09, -0.07, -1.07
22044, -0.14, -0.45, -1.15, -0.10, -0.15, -1.09
22091, -0.06, -0.27, -0.92, -0.09, -0.17, -1.05
22138, -0.22, -0.24, -0.96, -0.12, -0.19, -1.04
22185, -0.08, -0.02, -0.93, -0.11, -0.15, -1.01
22232, -0.08, 0.06, -1.07, -0.10, -0.11, -1.03
22279, -0.02, 0.33, -1.40, -0.09, -0.02, -1.10
22326, -0.03, 0.44, -1.31, -0.08, 0.07, -1.14
22378, -0.06, 0.40, -1.05, -0.07, 0.14, -1.12
22425, -0.01, 0.30, -1.12, -0.06, 0.17, -1.12
22472, -0.06, 0.03, -1.23, -0.06, 0.14, -1.14
22519, -0.05, -0.12, -1.12, -0.06, 0.09, -1.14
22568, 0.04, -0.38, -1.03, -0.04, -0.01, -1.12
22615, -0.00, -0.49, -1.11, -0.03, -0.10, -1.11
22662, 0.04, -0.64, -1.13, -0.02, -0.21, -1.12
22709, 0.00, -0.63, -1.13, -0.01, -0.29, -1.12
22756, -0.04, -0.49, -1.06, -0.02, -0.33, -1.11
22803, 0.04, -0.33, -1.08, -0.01, -0.33, -1.10
22850, -0.03, -0.05, -1.04, -0.01, -0.27, -1.09
22902, -0.08, 0.24, -1.02, -0.02, -0.17, -1.08
22949, -0.09, 0.24, -1.14, -0.04, -0.09, -1.09
22996, -0.05, 0.55, -1.31, -0.04, 0.04, -1.13
23043, -0.11, 0.58, -1.28, -0.05, 0.15, -1.16
23090, -0.12, 0.48, -1.05, -0.07, 0.21, -1.14
23137, -0.06, 0.32, -1.09, -0.06, 0.23, -1.13
23184, -0.06, 0.05, -1.21, -0.06, 0.20, -1.15
23231, 0.02, -0.20, -1.11, -0.05, 0.12, -1.14
23278, -0.02, -0.53, -1.19, -0.04, -0.01, -1.15
23325, 0.02, -0.48, -1.05, -0.03, -0.11, -1.13
23377, -0.03, -0.51, -1.12, -0.03, -0.19, -1.13
23424, -0.03, -0.45, -1.07, -0.03, -0.24, -1.12
23471, 0.03, -0.37, -1.20, -0.02, -0.27, -1.13
23518, 0.02, -0.11, -1.12, -0.01, -0.23, -1.13
23565, -0.10, 0.24, -0.95, -0.03, -0.14, -1.10
23612, -0.23, 0.29, -1.04, -0.07, -0.05, -1.09
23659, -0.10, 0.59, -1.24, -0.08, 0.08, -1.12
23706, -0.07, 0.55, -1.22, -0.07, 0.17, -1.14
23753, -0.08, 0.48, -1.06, -0.08, 0.23, -1.12
23800, -0.07, 0.32, -1.09, -0.07, 0.25, -1.12
23847, -0.02, 0.10, -1.18, -0.06, 0.22, -1.13
23901, 0.00, -0.19, -1.07, -0.05, 0.14, -1.12
23948, -0.04, -0.25, -1.03, -0.05, 0.06, -1.10
23995, -0.00, -0.36, -1.11, -0.04, -0.02, -1.10
24042, 0.00, -0.47, -1.11, -0.03, -0.11, -1.10
24089, 0.00, -0.50, -1.10, -0.02, -0.19, -1.10
24136, 0.07, -0.35, -1.13, -0.01, -0.22, -1.11
24183, 0.01, -0.10, -1.10, -0.00, -0.20, -1.11
24230, -0.03, 0.13, -1.06, -0.01, -0.13, -1.10
24277, -0.21, 0.29, -0.99, -0.05, -0.05, -1.08
24324, -0.14, 0.49, -1.09, -0.07, 0.06, -1.08
24371, -0.18, 0.57, -1.25, -0.09, 0.16, -1.11
24423, -0.04, 0.49, -1.14, -0.08, 0.23, -1.12
24470, -0.07, 0.30, -1.08, -0.08, 0.24, -1.11
24517, 0.04, 0.12, -1.09, -0.05, 0.22, -1.11
24564, 0.06, -0.14, -1.08, -0.03, 0.15, -1.10
24611, -0.01, -0.34, -1.03, -0.03, 0.05, -1.09
24658, 0.07, -0.43, -1.08, -0.01, -0.05, -1.09
24705, 0.00, -0.57, -1.18, -0.01, -0.15, -1.10
24752, 0.02, -0.52, -1.12, -0.00, -0.23, -1.11
24799, 0.07, -0.40, -1.12, 0.01, -0.26, -1.11
24846, 0.08, -0.20, -1.06, 0.03, -0.25, -1.10
24893, -0.02, 0.21, -1.00, 0.02, -0.16, -1.08
24945, -0.18, 0.30, -0.81, -0.02, -0.07, -1.03
24992, -0.14, 0.54, -1.20, -0.04, 0.06, -1.06
25039, -0.15, 0.63, -1.30, -0.07, 0.17, -1.11
25086, -0.18, 0.59, -1.15, -0.09, 0.25, -1.12
25133, -0.01, 0.39, -1.04, -0.07, 0.28, -1.10
25182, 0.14, -0.07, -1.03, -0.03, 0.21, -1.09
25229, 0.14, -0.56, -1.10, 0.00, 0.06, -1.09
25276, 0.19, -0.72, -1.34, 0.04, -0.10, -1.14
25323, 0.06, -0.39, -1.08, 0.04, -0.16, -1.13
25370, 0.06, -0.26, -1.10, 0.05, -0.18, -1.12
25422, 0.14, 0.05, -0.95, 0.07, -0.13, -1.09
25469, -0.10, 0.09, -0.93, 0.03, -0.09, -1.06
25516, -0.27, 0.22, -0.90, -0.03, -0.02, -1.03
25563, -0.27, 0.14, -1.07, -0.08, 0.01, -1.03
25610, -0.16, 0.05, -1.10, -0.09, 0.02, -1.05
25657, -0.06, -0.03, -1.17, -0.09, 0.01, -1.07
25704, -0.05, -0.07, -1.06, -0.08, -0.01, -1.07
25751, -0.10, -0.06, -1.03, -0.08, -0.02, -1.06
25798, -0.14, -0.06, -1.03, -0.10, -0.03, -1.06
25845, -0.14, -0.01, -1.02, -0.10, -0.02, -1.05
25892, -0.10, 0.02, -0.95, -0.10, -0.01, -1.03
25944, -0.03, -0.01, -1.05, -0.09, -0.01, -1.03
25991, -0.08, -0.14, -1.38, -0.09, -0.04, -1.10
26038, 0.38, -0.33, -0.77, 0.01, -0.10, -1.03
26085, 0.42, -0.60, -0.75, 0.09, -0.20, -0.98
26132, 0.24, -0.58, -1.70, 0.12, -0.28, -1.12
26179, 0.26, -0.33, -1.42, 0.15, -0.29, -1.18
26226, -0.01, -0.12, -0.00, 0.12, -0.25, -0.95
26273, -0.18, -0.07, -0.39, 0.06, -0.22, -0.84
26320, 0.62, -0.46, -1.16, 0.17, -0.27, -0.90
26367, 0.39, -0.64, -2.42, 0.22, -0.34, -1.20
26414, 0.18, -0.09, -0.64, 0.21, -0.29, -1.09
26468, -0.12, -0.18, -0.35, 0.14, -0.27, -0.94
26515, 0.17, -0.41, -1.02, 0.15, -0.30, -0.96
26562, 0.08, -0.44, -2.16, 0.13, -0.32, -1.20
26609, 0.09, -0.14, -0.93, 0.12, -0.29, -1.15
26656, -0.20, -0.08, -0.46, 0.06, -0.25, -1.01
26703, 0.20, -0.23, -0.92, 0.09, -0.24, -0.99
26750, 0.10, -0.36, -1.76, 0.09, -0.27, -1.14
26797, -0.09, -0.18, -1.16, 0.06, -0.25, -1.15
26844, -0.08, 0.15, -0.50, 0.03, -0.17, -1.02
26891, -0.04, -0.17, -0.57, 0.02, -0.17, -0.93
26938, 0.26, -0.32, -1.52, 0.07, -0.20, -1.05
26990, -0.01, -0.40, -1.70, 0.05, -0.24, -1.18
27037, -0.10, -0.04, -0.57, 0.02, -0.20, -1.06
27084, -0.08, -0.08, -0.40, 0.00, -0.18, -0.92
27131, 0.05, -0.34, -0.85, 0.01, -0.21, -0.91
27178, -0.29, -0.47, -1.57, -0.05, -0.26, -1.04
27225, 0.27, -0.18, -1.53, 0.01, -0.25, -1.14
27272, 0.15, 0.03, -0.64, 0.04, -0.19, -1.04
27319, -0.05, -0.28, -0.34, 0.02, -0.21, -0.90
27366, -0.10, -0.33, -1.33, -0.00, -0.23, -0.99
27413, 0.11, -0.43, -1.90, 0.02, -0.27, -1.17
27465, 0.32, 0.06, -0.72, 0.08, -0.21, -1.08
27512, -0.24, -0.18, -0.28, 0.02, -0.20, -0.92
27559, 0.00, -0.10, -0.90, 0.01, -0.18, -0.92
27606, 0.04, -0.54, -1.77, 0.02, -0.25, -1.09
27653, 0.11, -0.41, -1.22, 0.04, -0.28, -1.11
27700, -0.00, -0.16, -0.49, 0.03, -0.26, -0.99
27747, 0.01, -0.26, -0.66, 0.03, -0.26, -0.92
27796, -0.02, -0.42, -1.65, 0.02, -0.29, -1.07
27843, 0.11, -0.30, -1.32, 0.04, -0.29, -1.12
27890, 0.07, -0.15, -0.55, 0.04, -0.26, -1.01
27937, -0.13, -0.09, -0.49, 0.01, -0.23, -0.90
27989, 0.01, -0.22, -1.42, 0.01, -0.23, -1.01
28036, 0.21, -0.39, -1.72, 0.05, -0.26, -1.15
28083, 0.13, -0.11, -0.90, 0.07, -0.23, -1.10
28130, -0.15, -0.04, -0.45, 0.02, -0.19, -0.97
28177, -0.01, -0.16, -0.87, 0.02, -0.18, -0.95
28224, 0.08, -0.37, -1.67, 0.03, -0.22, -1.09
28271, 0.08, -0.29, -1.03, 0.04, -0.24, -1.08
28318, -0.08, -0.14, -0.57, 0.02, -0.22, -0.98
28365, -0.00, -0.10, -0.81, 0.01, -0.19, -0.94
28412, 0.11, -0.14, -1.67, 0.03, -0.18, -1.09
28459, 0.04, -0.26, -1.17, 0.03, -0.20, -1.11
28511, -0.10, -0.14, -0.58, 0.01, -0.19, -1.00
28558, -0.07, 0.04, -0.62, -0.01, -0.14, -0.92
28605, 0.01, 0.06, -0.68, -0.00, -0.10, -0.88
28652, 0.01, 0.01, -1.06, -0.00, -0.08, -0.91
28699, 0.14, -0.07, -1.36, 0.03, -0.08, -1.00
28746, 0.74, -0.36, -3.87, 0.17, -0.13, -1.57
28793, 0.04, -0.08, -1.12, 0.15, -0.12, -1.48
28840, -0.10, 0.08, -1.08, 0.10, -0.08, -1.40
28887, -0.08, 0.12, -1.07, 0.06, -0.04, -1.34
28934, -0.03, 0.07, -1.00, 0.04, -0.02, -1.27
28981, -0.07, 0.05, -0.98, 0.02, -0.00, -1.21
29033, -0.45, -0.04, -0.11, -0.07, -0.01, -0.99
29082, -0.27, 0.33, -0.83, -0.11, 0.06, -0.96
29129, -0.00, 0.05, -1.10, -0.09, 0.06, -0.99
29176, 0.02, 0.00, -1.05, -0.07, 0.04, -1.00
29223, 0.07, 0.03, -1.12, -0.04, 0.04, -1.02
29270, 0.04, 0.01, -1.12, -0.02, 0.03, -1.04
29317, -0.05, 0.01, -0.99, -0.03, 0.03, -1.03
29364, 0.03, -0.03, -1.06, -0.02, 0.02, -1.04
29411, 0.04, -0.01, -1.07, -0.01, 0.01, -1.04
29458, 0.03, -0.01, -1.05, -0.00, 0.01, -1.05
29505, 0.03, -0.00, -1.06, 0.01, 0.01, -1.05
29557, 0.03, -0.01, -1.06, 0.01, 0.00, -1.05
29604, 0.02, -0.01, -1.06, 0.01, -0.00, -1.05
29651, 0.03, -0.01, -1.06, 0.02, -0.00, -1.05
29698, 0.03, -0.01, -1.05, 0.02, -0.00, -1.05
29745, 0.03, -0.01, -1.06, 0.02, -0.00, -1.06
29792, 0.03, -0.01, -1.07, 0.02, -0.01, -1.06
29839, 0.03, -0.01, -1.07, 0.02, -0.01, -1.06
29886, 0.03, -0.01, -1.06, 0.02, -0.01, -1.06
29933, 0.03, -0.01, -1.06, 0.03, -0.01, -1.06
29980, 0.03, -0.01, -1.06, 0.03, -0.01, -1.06
30027, 0.03, -0.01, -1.06, 0.03, -0.01, -1.06
30079, 0.03, -0.01, -1.05, 0.03, -0.01, -1.06
30126, 0.03, -0.01, -1.06, 0.03, -0.01, -1.06
30173, 0.03, -0.00, -1.06, 0.03, -0.01, -1.06
30220, 0.03, -0.01, -1.05, 0.03, -0.01, -1.06
30267, 0.03, -0.01, -1.06, 0.03, -0.01, -1.06
30314, 0.03, -0.01, -1.07, 0.03, -0.01, -1.06
30361, 0.03, -0.01, -1.06, 0.03, -0.01, -1.06
30410, 0.03, -0.01, -1.06, 0.03, -0.01, -1.06
30457, 0.03, -0.01, -1.06, 0.03, -0.01, -1.06
30504, 0.03, -0.01, -1.06, 0.03, -0.01, -1.06
30551, 0.03, -0.01, -1.06, 0.03, -0.01, -1.06
30603, 0.03, -0.01, -1.06, 0.03, -0.01, -1.06
30650, 0.03, -0.01, -1.06, 0.03, -0.01, -1.06
30697, 0.03, -0.01, -1.06, 0.03, -0.01, -1.06
30744, 0.03, -0.01, -1.06, 0.03, -0.01, -1.06
30791, 0.03, -0.01, -1.05, 0.03, -0.01, -1.06
30838, 0.03, -0.01, -1.05, 0.03, -0.01, -1.06
30885, 0.02, -0.01, -1.06, 0.03, -0.01, -1.06
30932, 0.03, -0.01, -1.06, 0.03, -0.01, -1.06
30979, 0.03, -0.01, -1.06, 0.03, -0.01, -1.06
31026, 0.03, -0.01, -1.07, 0.03, -0.01, -1.06
31073, 0.03, -0.01, -1.06, 0.03, -0.01, -1.06
31125, 0.03, -0.01, -1.05, 0.03, -0.01, -1.06
31172, 0.03, -0.01, -1.06, 0.03, -0.01, -1.06
31219, 0.03, -0.01, -1.06, 0.03, -0.01, -1.06
31266, 0.03, -0.01, -1.06, 0.03, -0.01, -1.06
31313, 0.03, -0.01, -1.06, 0.03, -0.01, -1.06
31360, 0.03, -0.01, -1.05, 0.03, -0.01, -1.06
31407, 0.02, -0.01, -1.06, 0.03, -0.01, -1.06
31454, 0.03, -0.01, -1.06, 0.03, -0.01, -1.06
31501, 0.03, -0.01, -1.06, 0.03, -0.01, -1.06
31548, 0.03, -0.01, -1.06, 0.03, -0.01, -1.06
31600, 0.03, -0.01, -1.06, 0.03, -0.01, -1.06
31647, 0.03, -0.01, -1.05, 0.03, -0.01, -1.06
31696, 0.02, -0.01, -1.07, 0.03, -0.01, -1.06
31743, 0.03, -0.01, -1.06, 0.03, -0.01, -1.06
31790, 0.03, -0.01, -1.06, 0.03, -0.01, -1.06
31837, 0.03, -0.01, -1.06, 0.03, -0.01, -1.06
31884, 0.03, -0.01, -1.06, 0.03, -0.01, -1.06
31931, 0.03, -0.01, -1.06, 0.03, -0.01, -1.06
31978, 0.03, -0.01, -1.06, 0.03, -0.01, -1.06
32025, 0.03, -0.01, -1.06, 0.03, -0.01, -1.06
32072, 0.02, -0.01, -1.06, 0.03, -0.01, -1.06
32124, 0.03, -0.01, -1.06, 0.03, -0.01, -1.06
32171, 0.03, -0.00, -1.06, 0.03, -0.01, -1.06
32218, 0.03, -0.00, -1.06, 0.03, -0.01, -1.06
32265, 0.03, -0.01, -1.06, 0.03, -0.01, -1.06
32312, 0.03, -0.01, -1.06, 0.03, -0.01, -1.06
32359, 0.02, -0.01, -1.06, 0.03, -0.01, -1.06
32406, 0.03, -0.01, -1.06, 0.03, -0.01, -1.06
32453, 0.03, -0.01, -1.06, 0.03, -0.01, -1.06
32500, 0.03, -0.01, -1.06, 0.03, -0.01, -1.06
32547, 0.03, -0.01, -1.06, 0.03, -0.01, -1.06
32594, 0.03, -0.01, -1.06, 0.03, -0.01, -1.06
32646, 0.03, -0.01, -1.06, 0.03, -0.01, -1.06
32693, 0.03, -0.01, -1.06, 0.03, -0.01, -1.06
32740, 0.03, -0.01, -1.06, 0.03, -0.01, -1.06
32787, 0.03, -0.01, -1.06, 0.03, -0.01, -1.06
32834, 0.03, -0.00, -1.07, 0.03, -0.01, -1.06
32881, 0.03, -0.01, -1.06, 0.03, -0.01, -1.06
32928, 0.03, -0.01, -1.06, 0.03, -0.01, -1.06
32977, 0.03, -0.01, -1.06, 0.03, -0.01, -1.06
33024, 0.02, -0.01, -1.06, 0.03, -0.01, -1.06
33071, 0.03, -0.01, -1.06, 0.03, -0.01, -1.06
33118, 0.03, -0.01, -1.06, 0.03, -0.01, -1.06
33170, 0.03, -0.01, -1.06, 0.03, -0.01, -1.06
33217, 0.03, -0.01, -1.06, 0.03, -0.01, -1.06
33264, 0.03, -0.00, -1.06, 0.03, -0.01, -1.06
33311, 0.03, -0.01, -1.06, 0.03, -0.01, -1.06
33358, 0.03, -0.01, -1.06, 0.03, -0.01, -1.06
33405, 0.03, -0.01, -1.06, 0.03, -0.01, -1.06
33452, 0.03, -0.01, -1.06, 0.03, -0.01, -1.06
33499, 0.03, -0.01, -1.06, 0.03, -0.01, -1.06
33546, 0.02, -0.01, -1.06, 0.03, -0.01, -1.06
33593, 0.03, -0.01, -1.06, 0.03, -0.01, -1.06
33640, 0.03, -0.01, -1.05, 0.03, -0.01, -1.06
33692, 0.03, -0.01, -1.07, 0.03, -0.01, -1.06
33739, 0.03, -0.01, -1.06, 0.03, -0.01, -1.06
33786, 0.03, -0.01, -1.07, 0.03, -0.01, -1.06
33833, 0.03, -0.01, -1.06, 0.03, -0.01, -1.06
33880, 0.03, -0.01, -1.06, 0.03, -0.01, -1.06
33927, 0.03, -0.01, -1.05, 0.03, -0.01, -1.06
33974, 0.03, -0.01, -1.06, 0.03, -0.01, -1.06
34021, 0.02, -0.01, -1.06, 0.03, -0.01, -1.06
34068, 0.02, -0.01, -1.05, 0.03, -0.01, -1.06
34115, 0.02, -0.01, -1.06, 0.03, -0.01, -1.06
34162, 0.03, -0.00, -1.06, 0.03, -0.01, -1.06
34241, 0.03, -0.01, -1.06, 0.03, -0.01, -1.06
34301, 0.03, -0.01, -1.06, 0.03, -0.01, -1.06
34357, 0.03, -0.00, -1.06, 0.03, -0.01, -1.06
34413, 0.03, -0.01, -1.06, 0.03, -0.01, -1.06
34469, 0.03, -0.01, -1.06, 0.03, -0.01, -1.06
34525, 0.03, -0.01, -1.06, 0.03, -0.01, -1.06
34581, 0.03, -0.01, -1.07, 0.03, -0.01, -1.06
34637, 0.03, -0.01, -1.06, 0.03, -0.01, -1.06
34693, 0.03, -0.00, -1.07, 0.03, -0.01, -1.06
34749, 0.03, -0.00, -1.06, 0.03, -0.01, -1.06
34805, 0.03, -0.01, -1.06, 0.03, -0.01, -1.06
34866, 0.04, -0.01, -1.09, 0.03, -0.01, -1.07
34922, 0.03, -0.01, -1.05, 0.03, -0.01, -1.06
34978, 0.03, -0.01, -1.06, 0.03, -0.01, -1.06
35034, 0.03, -0.01, -1.06, 0.03, -0.01, -1.06
35090, 0.03, -0.01, -1.06, 0.03, -0.01, -1.06
35146, 0.03, -0.01, -1.06, 0.03, -0.01, -1.06
35202, 0.02, 0.00, -1.06, 0.03, -0.01, -1.06
35258, 0.03, -0.00, -1.06, 0.03, -0.01, -1.06
35314, 0.03, -0.02, -1.06, 0.03, -0.01, -1.06
35370, 0.03, -0.01, -1.06, 0.03, -0.01, -1.06
35426, 0.03, -0.01, -1.06, 0.03, -0.01, -1.06
35487, 0.03, -0.01, -1.06, 0.03, -0.01, -1.06
35543, 0.03, -0.00, -1.06, 0.03, -0.01, -1.06
35599, 0.03, -0.00, -1.06, 0.03, -0.01, -1.06
35655, 0.03, -0.01, -1.06, 0.03, -0.01, -1.06
35711, 0.03, -0.01, -1.06, 0.03, -0.01, -1.06
35767, 0.03, -0.01, -1.07, 0.03, -0.01, -1.06
35825, 0.03, -0.01, -1.06, 0.03, -0.01, -1.06
35881, 0.02, -0.01, -1.05, 0.03, -0.01, -1.06
35937, 0.04, -0.01, -1.09, 0.03, -0.01, -1.07
35993, 0.03, -0.01, -1.06, 0.03, -0.01, -1.07
36049, 0.04, -0.01, -1.07, 0.03, -0.01, -1.07
36110, 0.02, -0.01, -1.05, 0.03, -0.01, -1.06
36166, 0.03, -0.01, -1.07, 0.03, -0.01, -1.06
36222, 0.03, -0.01, -1.06, 0.03, -0.01, -1.06
36278, 0.03, -0.01, -1.06, 0.03, -0.01, -1.06
36334, 0.03, -0.01, -1.07, 0.03, -0.01, -1.06
36390, 0.03, -0.01, -1.06, 0.03, -0.01, -1.06
36446, 0.03, -0.01, -1.06, 0.03, -0.01, -1.06
36502, 0.03, -0.01, -1.05, 0.03, -0.01, -1.06
36558, 0.03, -0.01, -1.06, 0.03, -0.01, -1.06
36614, 0.03, -0.01, -1.06, 0.03, -0.01, -1.06
36670, 0.03, -0.01, -1.06, 0.03, -0.01, -1.06
36731, 0.03, -0.01, -1.06, 0.03, -0.01, -1.06
36787, 0.03, -0.01, -1.06, 0.03, -0.01, -1.06
36843, 0.02, -0.01, -1.06, 0.03, -0.01, -1.06
36899, 0.03, -0.01, -1.06, 0.03, -0.01, -1.06
36955, 0.03, -0.01, -1.06, 0.03, -0.01, -1.06
37011, 0.03, -0.01, -1.06, 0.03, -0.01, -1.06
37067, 0.03, -0.01, -1.06, 0.03, -0.01, -1.06
37123, 0.03, -0.00, -1.05, 0.03, -0.01, -1.06
37179, 0.03, -0.00, -1.06, 0.03, -0.01, -1.06
37235, 0.03, -0.01, -1.06, 0.03, -0.01, -1.06
37296, 0.03, -0.01, -1.06, 0.03, -0.01, -1.06
37354, 0.03, -0.01, -1.06, 0.03, -0.01, -1.06
37414, 0.03, -0.01, -1.05, 0.03, -0.01, -1.06
37470, 0.03, -0.01, -1.06, 0.03, -0.01, -1.06
37526, 0.03, -0.01, -1.06, 0.03, -0.01, -1.06
37582, 0.03, -0.01, -1.06, 0.03, -0.01, -1.06
37638, 0.03, -0.01, -1.07, 0.03, -0.01, -1.06
37694, 0.03, -0.01, -1.06, 0.03, -0.01, -1.06
37750, 0.03, -0.00, -1.06, 0.03, -0.01, -1.06
37806, 0.03, -0.01, -1.06, 0.03, -0.01, -1.06
37862, 0.03, -0.01, -1.06, 0.03, -0.01, -1.06
37923, 0.03, -0.01, -1.06, 0.03, -0.01, -1.06
37979, 0.02, -0.01, -1.07, 0.03, -0.01, -1.06
38035, 0.03, -0.01, -1.06, 0.03, -0.01, -1.06
38091, 0.03, -0.01, -1.06, 0.03, -0.01, -1.06
38147, 0.03, -0.01, -1.06, 0.03, -0.01, -1.06
38203, 0.03, -0.01, -1.07, 0.03, -0.01, -1.06
38259, 0.03, -0.01, -1.06, 0.03, -0.01, -1.06
38315, 0.03, -0.01, -1.06, 0.03, -0.01, -1.06
38371, 0.03, -0.01, -1.06, 0.03, -0.01, -1.06
38427, 0.03, -0.01, -1.06, 0.03, -0.01, -1.06
38483, 0.03, -0.01, -1.06, 0.03, -0.01, -1.06
38544, 0.02, -0.01, -1.06, 0.03, -0.01, -1.06
38600, 0.02, -0.01, -1.06, 0.03, -0.01, -1.06
38656, 0.03, -0.00, -1.06, 0.03, -0.01, -1.06
38712, 0.03, -0.01, -1.06, 0.03, -0.01, -1.06
38768, 0.03, -0.01, -1.06, 0.03, -0.01, -1.06
38824, 0.03, -0.01, -1.06, 0.03, -0.01, -1.06
38880, 0.03, -0.01, -1.06, 0.03, -0.01, -1.06
38938, 0.03, -0.01, -1.05, 0.03, -0.01, -1.06
38994, 0.03, -0.01, -1.06, 0.03, -0.01, -1.06
39050, 0.02, -0.01, -1.06, 0.03, -0.01, -1.06
39106, 0.03, -0.01, -1.06, 0.03, -0.01, -1.06
39167, 0.03, -0.01, -1.07, 0.03, -0.01, -1.06
39223, 0.03, -0.01, -1.06, 0.03, -0.01, -1.06
39279, 0.03, -0.01, -1.06, 0.03, -0.01, -1.06
39335, 0.03, -0.01, -1.06, 0.03, -0.01, -1.06
39391, 0.03, -0.01, -1.06, 0.03, -0.01, -1.06
39447, 0.03, -0.00, -1.06, 0.03, -0.01, -1.06
39503, 0.03, -0.01, -1.06, 0.03, -0.01, -1.06
39559, 0.03, -0.01, -1.06, 0.03, -0.01, -1.06
39615, 0.03, -0.01, -1.06, 0.03, -0.01, -1.06
39671, 0.03, -0.01, -1.06, 0.03, -0.01, -1.06
39727, 0.03, -0.01, -1.06, 0.03, -0.01, -1.06
39788, 0.03, -0.01, -1.06, 0.03, -0.01, -1.06
39844, 0.03, -0.01, -1.06, 0.03, -0.01, -1.06
39900, 0.03, -0.01, -1.06, 0.03, -0.01, -1.06
39956, 0.03, -0.01, -1.06, 0.03, -0.01, -1.06
40012, 0.03, -0.01, -1.06, 0.03, -0.01, -1.06
40068, 0.02, -0.01, -1.06, 0.03, -0.01, -1.06
40124, 0.03, -0.01, -1.06, 0.03, -0.01, -1.06
40180, 0.03, -0.01, -1.06, 0.03, -0.01, -1.06
40236, 0.03, -0.01, -1.06, 0.03, -0.01, -1.06
40292, 0.03, -0.01, -1.07, 0.03, -0.01, -1.06
40348, 0.03, -0.01, -1.05, 0.03, -0.01, -1.06
40409, 0.03, -0.01, -1.06, 0.03, -0.01, -1.06
40465, 0.03, -0.01, -1.06, 0.03, -0.01, -1.06
40523, 0.03, -0.01, -1.06, 0.03, -0.01, -1.06
40579, 0.03, -0.01, -1.06, 0.03, -0.01, -1.06
40635, 0.03, -0.01, -1.06, 0.03, -0.01, -1.06
40691, 0.02, -0.01, -1.06, 0.03, -0.01, -1.06
40747, 0.03, -0.01, -1.05, 0.03, -0.01, -1.06
40803, 0.03, -0.01, -1.06, 0.03, -0.01, -1.06
40859, 0.03, -0.01, -1.06, 0.03, -0.01, -1.06
40915, 0.02, -0.01, -1.07, 0.03, -0.01, -1.06
40971, 0.03, -0.00, -1.06, 0.03, -0.01, -1.06
41032, 0.03, -0.00, -1.06, 0.03, -0.01, -1.06
41088, 0.03, -0.01, -1.06, 0.03, -0.01, -1.06
41144, 0.03, -0.01, -1.06, 0.03, -0.01, -1.06
41200, 0.03, -0.01, -1.06, 0.03, -0.01, -1.06
41256, 0.03, -0.01, -1.07, 0.03, -0.01, -1.06
41312, 0.03, -0.01, -1.06, 0.03, -0.01, -1.06
41368, 0.03, -0.01, -1.06, 0.03, -0.01, -1.06
41424, 0.03, -0.00, -1.06, 0.03, -0.01, -1.06
41480, 0.03, -0.01, -1.06, 0.03, -0.01, -1.06
41536, 0.03, -0.01, -1.06, 0.03, -0.01, -1.06
41592, 0.03, -0.01, -1.06, 0.03, -0.01, -1.06
41653, 0.02, -0.01, -1.06, 0.03, -0.01, -1.06
41709, 0.03, -0.01, -1.06, 0.03, -0.01, -1.06
41765, 0.03, -0.01, -1.06, 0.03, -0.01, -1.06
41821, 0.03, -0.01, -1.06, 0.03, -0.01, -1.06
41877, 0.03, -0.01, -1.06, 0.03, -0.01, -1.06
41933, 0.03, -0.01, -1.06, 0.03, -0.01, -1.06
41989, 0.03, -0.01, -1.07, 0.03, -0.01, -1.06
42047, 0.03, -0.01, -1.06, 0.03, -0.01, -1.06
42103, 0.03, -0.01, -1.06, 0.03, -0.01, -1.06
42159, 0.03, -0.00, -1.06, 0.03, -0.01, -1.06
42215, 0.03, -0.01, -1.06, 0.03, -0.01, -1.06
42276, 0.03, -0.00, -1.06, 0.03, -0.01, -1.06
42332, 0.03, -0.01, -1.06, 0.03, -0.01, -1.06
42388, 0.03, -0.01, -1.07, 0.03, -0.01, -1.06
42444, 0.02, -0.01, -1.06, 0.03, -0.01, -1.06
42500, 0.03, -0.01, -1.06, 0.03, -0.01, -1.06
42556, 0.03, -0.01, -1.06, 0.03, -0.01, -1.06
42612, 0.03, -0.01, -1.06, 0.03, -0.01, -1.06
42668, 0.03, -0.01, -1.06, 0.03, -0.01, -1.06
42724, 0.03, -0.01, -1.06, 0.03, -0.01, -1.06
42780, 0.03, -0.01, -1.07, 0.03, -0.01, -1.06
42841, 0.03, -0.01, -1.06, 0.03, -0.01, -1.06
42897, 0.03, -0.01, -1.06, 0.03, -0.01, -1.06
42953, 0.03, -0.01, -1.06, 0.03, -0.01, -1.06
43009, 0.03, -0.01, -1.06, 0.03, -0.01, -1.06
43065, 0.03, -0.01, -1.06, 0.03, -0.01, -1.06
43121, 0.03, -0.01, -1.06, 0.03, -0.01, -1.06
43177, 0.03, -0.01, -1.06, 0.03, -0.01, -1.06
43233, 0.03, -0.01, -1.06, 0.03, -0.01, -1.06
43289, 0.03, -0.01, -1.06, 0.03, -0.01, -1.06
43345, 0.03, -0.01, -1.06, 0.03, -0.01, -1.06
43401, 0.03, -0.01, -1.06, 0.03, -0.01, -1.06
43462, 0.03, -0.01, -1.05, 0.03, -0.01, -1.06
43518, 0.03, -0.01, -1.06, 0.03, -0.01, -1.06
43576, 0.03, -0.01, -1.06, 0.03, -0.01, -1.06
43632, 0.02, -0.00, -1.06, 0.03, -0.01, -1.06
43688, 0.02, -0.01, -1.06, 0.03, -0.01, -1.06
43744, 0.03, -0.01, -1.07, 0.03, -0.01, -1.06
43800, 0.03, -0.01, -1.05, 0.03, -0.01, -1.06
43856, 0.03, -0.01, -1.06, 0.03, -0.01, -1.06
43912, 0.03, -0.01, -1.06, 0.03, -0.01, -1.06
43968, 0.03, -0.01, -1.06, 0.03, -0.01, -1.06
44024, 0.03, -0.01, -1.06, 0.03, -0.01, -1.06
44085, 0.03, -0.01, -1.06, 0.03, -0.01, -1.06
44141, 0.03, -0.01, -1.07, 0.03, -0.01, -1.06
44197, 0.03, -0.01, -1.06, 0.03, -0.01, -1.06
44253, 0.03, -0.01, -1.05, 0.03, -0.01, -1.06
44309, 0.03, -0.01, -1.07, 0.03, -0.01, -1.06
44365, 0.03, -0.01, -1.05, 0.03, -0.01, -1.06
44421, 0.02, -0.01, -1.06, 0.03, -0.01, -1.06
44477, 0.03, -0.01, -1.06, 0.03, -0.01, -1.06
44533, 0.03, -0.01, -1.07, 0.03, -0.01, -1.06
44589, 0.03, -0.01, -1.06, 0.03, -0.01, -1.06
44645, 0.03, -0.01, -1.06, 0.03, -0.01, -1.06
44706, 0.03, -0.01, -1.06, 0.03, -0.01, -1.06
44762, 0.03, -0.00, -1.06, 0.03, -0.01, -1.06
44818, 0.02, -0.01, -1.06, 0.03, -0.01, -1.06
44874, 0.03, -0.01, -1.06, 0.03, -0.01, -1.06
44930, 0.02, -0.01, -1.06, 0.03, -0.01, -1.06
44986, 0.03, -0.01, -1.06, 0.03, -0.01, -1.06
45042, 0.02, -0.01, -1.06, 0.03, -0.01, -1.06
45098, 0.03, -0.01, -1.07, 0.03, -0.01, -1.06
45156, 0.02, -0.00, -1.06, 0.03, -0.01, -1.06
45212, 0.03, -0.01, -1.06, 0.03, -0.01, -1.06
45268, 0.03, -0.01, -1.06, 0.03, -0.01, -1.06
45329, 0.03, -0.01, -1.06, 0.03, -0.01, -1.06
45385, 0.02, -0.01, -1.06, 0.03, -0.01, -1.06
45441, 0.03, -0.01, -1.07, 0.03, -0.01, -1.06
45497, 0.03, -0.01, -1.07, 0.03, -0.01, -1.06
45553, 0.03, -0.00, -1.06, 0.03, -0.01, -1.06
45609, 0.03, -0.01, -1.06, 0.03, -0.01, -1.06
45665, 0.03, -0.01, -1.06, 0.03, -0.01, -1.06
45721, 0.03, -0.01, -1.06, 0.03, -0.01, -1.06
45777, 0.02, -0.01, -1.06, 0.03, -0.01, -1.06
45833, 0.02, -0.01, -1.06, 0.03, -0.01, -1.06
45889, 0.03, -0.01, -1.06, 0.03, -0.01, -1.06
45950, 0.03, -0.01, -1.06, 0.03, -0.01, -1.06
46006, 0.03, -0.01, -1.06, 0.03, -0.01, -1.06
46062, 0.03, -0.01, -1.06, 0.03, -0.01, -1.06
46118, 0.03, -0.01, -1.06, 0.03, -0.01, -1.06
46174, 0.03, -0.01, -1.06, 0.03, -0.01, -1.06
46230, 0.03, -0.01, -1.06, 0.03, -0.01, -1.06
46286, 0.02, -0.01, -1.06, 0.03, -0.01, -1.06
46342, 0.03, -0.01, -1.06, 0.03, -0.01, -1.06
46397, 0.03, -0.01, -1.06, 0.03, -0.01, -1.06
46452, 0.03, -0.01, -1.06, 0.03, -0.01, -1.06
46507, 0.03, -0.01, -1.07, 0.03, -0.01, -1.06
46567, 0.03, -0.01, -1.06, 0.03, -0.01, -1.06
46622, 0.03, -0.00, -1.06, 0.03, -0.01, -1.06
46679, 0.03, -0.00, -1.06, 0.03, -0.01, -1.06
46734, 0.03, -0.01, -1.06, 0.03, -0.01, -1.06
46789, 0.03, -0.01, -1.06, 0.03, -0.01, -1.06
46844, 0.03, -0.01, -1.06, 0.03, -0.01, -1.06
46899, 0.03, -0.01, -1.06, 0.03, -0.01, -1.06
46954, 0.03, -0.01, -1.06, 0.03, -0.01, -1.06
47009, 0.03, -0.01, -1.06, 0.03, -0.01, -1.06
47064, 0.03, -0.01, -1.06, 0.03, -0.01, -1.06
47119, 0.02, -0.01, -1.06, 0.03, -0.01, -1.06
47179, 0.03, -0.01, -1.06, 0.03, -0.01, -1.06
47234, 0.03, -0.01, -1.06, 0.03, -0.01, -1.06
47289, 0.03, -0.01, -1.05, 0.03, -0.01, -1.06
47344, 0.03, -0.01, -1.05, 0.03, -0.01, -1.06
47399, 0.03, -0.01, -1.06, 0.03, -0.01, -1.06
47454, 0.03, -0.01, -1.06, 0.03, -0.01, -1.06
47509, 0.03, -0.01, -1.07, 0.03, -0.01, -1.06
47564, 0.03, -0.01, -1.06, 0.03, -0.01, -1.06
47619, 0.03, -0.01, -1.07, 0.03, -0.01, -1.06
47674, 0.03, -0.01, -1.06, 0.03, -0.01, -1.06
47729, 0.03, -0.01, -1.06, 0.03, -0.01, -1.06
47789, 0.03, -0.01, -1.07, 0.03, -0.01, -1.06
47844, 0.03, -0.01, -1.06, 0.03, -0.01, -1.06
47899, 0.03, -0.01, -1.06, 0.03, -0.01, -1.06
47954, 0.03, -0.01, -1.06, 0.03, -0.01, -1.06
48009, 0.03, -0.01, -1.06, 0.03, -0.01, -1.06
48064, 0.03, -0.01, -1.06, 0.03, -0.01, -1.06
48119, 0.03, -0.00, -1.06, 0.03, -0.01, -1.06
48174, 0.03, -0.01, -1.06, 0.03, -0.01, -1.06
48231, 0.03, -0.01, -1.06, 0.03, -0.01, -1.06
48286, 0.03, -0.01, -1.05, 0.03, -0.01, -1.06
48341, 0.03, -0.01, -1.07, 0.03, -0.01, -1.06
48401, 0.03, -0.01, -1.07, 0.03, -0.01, -1.06
48456, 0.02, -0.01, -1.06, 0.03, -0.01, -1.06
48511, 0.03, -0.01, -1.06, 0.03, -0.01, -1.06
48566, 0.03, -0.00, -1.06, 0.03, -0.01, -1.06
48621, 0.03, -0.01, -1.06, 0.03, -0.01, -1.06
48676, 0.03, -0.01, -1.06, 0.03, -0.01, -1.06
48731, 0.03, -0.01, -1.06, 0.03, -0.01, -1.06
48786, 0.02, -0.01, -1.06, 0.03, -0.01, -1.06
48841, 0.03, -0.01, -1.06, 0.03, -0.01, -1.06
48896, 0.03, -0.01, -1.07, 0.03, -0.01, -1.06
48956, 0.03, -0.01, -1.06, 0.03, -0.01, -1.06
49011, 0.03, -0.01, -1.07, 0.03, -0.01, -1.06
49066, 0.03, -0.01, -1.06, 0.03, -0.01, -1.06
49121, 0.03, -0.01, -1.06, 0.03, -0.01, -1.06
49176, 0.03, -0.01, -1.06, 0.03, -0.01, -1.06
49231, 0.03, -0.00, -1.06, 0.03, -0.01, -1.06
49286, 0.03, -0.01, -1.06, 0.03, -0.01, -1.06
49341, 0.03, -0.01, -1.06, 0.03, -0.01, -1.06
49396, 0.03, -0.01, -1.05, 0.03, -0.01, -1.06
49451, 0.03, -0.01, -1.06, 0.03, -0.01, -1.06
49506, 0.03, -0.01, -1.06, 0.03, -0.01, -1.06
49566, 0.02, -0.01, -1.06, 0.03, -0.01, -1.06
49621, 0.02, -0.01, -1.07, 0.03, -0.01, -1.06
49676, 0.03, -0.01, -1.05, 0.03, -0.01, -1.06
49733, 0.03, -0.00, -1.05, 0.03, -0.01, -1.06
49788, 0.03, -0.01, -1.06, 0.03, -0.01, -1.06
49843, 0.03, -0.01, -1.07, 0.03, -0.01, -1.06
49898, 0.03, -0.01, -1.06, 0.03, -0.01, -1.06
49953, 0.03, -0.01, -1.06, 0.03, -0.01, -1.06
50008, 0.03, -0.01, -1.07, 0.03, -0.01, -1.06
50063, 0.03, -0.01, -1.06, 0.03, -0.01, -1.06
50118, 0.02, -0.00, -1.05, 0.03, -0.01, -1.06
50178, 0.03, -0.01, -1.06, 0.03, -0.01, -1.06
50233, 0.03, -0.01, -1.06, 0.03, -0.01, -1.06
50288, 0.03, -0.01, -1.06, 0.03, -0.01, -1.06
50343, 0.03, -0.01, -1.06, 0.03, -0.01, -1.06
50398, 0.03, -0.01, -1.06, 0.03, -0.01, -1.06
50453, 0.03, -0.01, -1.06, 0.03, -0.01, -1.06
50508, 0.03, -0.01, -1.06, 0.03, -0.01, -1.06
50563, 0.01, -0.00, -1.04, 0.03, -0.01, -1.06
50618, 0.02, -0.01, -1.06, 0.02, -0.01, -1.06
50673, 0.02, 0.00, -1.07, 0.02, -0.01, -1.06
50728, -0.07, -0.01, -1.05, 0.01, -0.01, -1.06
50788, 0.01, 0.02, -1.06, 0.01, -0.00, -1.06
50843, 0.01, -0.00, -1.06, 0.01, -0.00, -1.06
50898, 0.00, -0.01, -1.04, 0.01, -0.00, -1.06
50953, -0.01, 0.00, -1.03, 0.00, -0.00, -1.05
51008, 0.01, -0.00, -1.06, 0.00, -0.00, -1.05
51063, -0.00, 0.00, -1.10, 0.00, -0.00, -1.06
51118, -0.03, -0.01, -1.02, -0.00, -0.00, -1.05
51173, -0.06, -0.03, -1.08, -0.02, -0.01, -1.06
51228, -0.02, -0.00, -1.06, -0.02, -0.01, -1.06
51285, -0.02, -0.01, -1.07, -0.02, -0.01, -1.06
51340, -0.05, -0.03, -1.07, -0.02, -0.01, -1.06
51400, -0.02, -0.00, -1.06, -0.02, -0.01, -1.06
51455, -0.03, -0.01, -1.06, -0.02, -0.01, -1.06
51510, -0.03, -0.00, -1.06, -0.02, -0.01, -1.06
